model,tuned,feature_num,baseline,accuracy,std,improvement,params,cv_scores
dt,0,baseline,0.75754,0.75754,0.04204,0.0,,"[0.82122905, 0.73184358, 0.69832402, 0.75418994, 0.78212291]"
dt,1,baseline,0.75754,0.79106,0.04903,0.03351,"{'min_samples_split': 10, 'min_samples_leaf': 10, 'max_depth': 20}","[0.76536313, 0.78212291, 0.73743017, 0.88268156, 0.78770950]"
