model,feature_num,baseline,kaggle_score,improvement,tuned,params
dt,1,0.73205,0.78708,0.05503,0,
dt,2,0.73205,0.76555,0.03349,0,
dt,3,0.73205,0.77751,0.04546,0,
dt,4,0.73205,0.78468,0.05263,0,
dt,5,0.73205,0.75837,0.02632,0,
dt,6,0.73205,0.76315,0.0311,0,
dt,7,0.73205,0.77751,0.04546,0,
dt,8,0.73205,0.78468,0.05263,0,
dt,9,0.73205,0.78468,0.05263,0,
dt,10,0.73205,0.77751,0.04546,0,
dt,11,0.73205,0.78229,0.05024,0,
