model,feature_num,baseline,kaggle_score,improvement,tuned,params
xgb,1,0.75119,0.78708,0.03588,0,
xgb,2,0.75119,0.76555,0.01435,0,
xgb,3,0.75119,0.77751,0.02632,0,
xgb,4,0.75119,0.78468,0.03349,0,
xgb,5,0.75119,0.76315,0.01195,0,
xgb,6,0.75119,0.76315,0.01195,0,
xgb,7,0.75119,0.77751,0.02632,0,
xgb,8,0.75119,0.78468,0.03349,0,
xgb,9,0.75119,0.78468,0.03349,0,
xgb,10,0.75119,0.77751,0.02632,0,
xgb,11,0.75119,0.78229,0.0311,0,
