model,feature_num,baseline,kaggle_score,improvement,tuned,params
rf,1,0.76555,0.78708,0.02153,0,
rf,2,0.76555,0.75358,-0.01196,0,
rf,3,0.76555,0.76555,0.0,0,
rf,4,0.76555,0.78468,0.01913,0,
rf,5,0.76555,0.77272,0.00717,0,
rf,6,0.76555,0.76315,-0.00239,0,
rf,7,0.76555,0.77751,0.01196,0,
rf,8,0.76555,0.78468,0.01913,0,
rf,9,0.76555,0.78468,0.01913,0,
rf,10,0.76555,0.77751,0.01196,0,
rf,11,0.76555,0.78229,0.01674,0,
