model,feature_num,baseline,kaggle_score,improvement,tuned,params
cb,1,0.77751,0.78708,0.00956,0,
cb,2,0.77751,0.76794,-0.00957,0,
cb,3,0.77751,0.77751,0.0,0,
cb,4,0.77751,0.78468,0.00717,0,
cb,5,0.77751,0.76076,-0.01675,0,
cb,6,0.77751,0.76315,-0.01436,0,
cb,7,0.77751,0.77751,0.0,0,
cb,8,0.77751,0.78468,0.00717,0,
cb,9,0.77751,0.78468,0.00717,0,
cb,10,0.77751,0.77751,0.0,0,
cb,11,0.77751,0.78229,0.00478,0,
