model,feature_num,baseline,kaggle_score,improvement,tuned,params
lgbm,1,0.76555,0.78708,0.02153,0,
lgbm,2,0.76555,0.76555,0.0,0,
lgbm,3,0.76555,0.77751,0.01196,0,
lgbm,4,0.76555,0.78468,0.01913,0,
lgbm,5,0.76555,0.77511,0.00956,0,
lgbm,6,0.76555,0.77751,0.01196,0,
lgbm,7,0.76555,0.77751,0.01196,0,
lgbm,8,0.76555,0.77751,0.01196,0,
lgbm,9,0.76555,0.78468,0.01913,0,
lgbm,10,0.76555,0.78468,0.01913,0,
